Date,Volume,sentiment
2017-01-03,29616500.0,0.22505618960164417
2017-01-04,56067500.0,0.06643848538292986
2017-01-05,29558500.0,0.0435207336523126
2017-01-06,27639500.0,0.06887613144431326
2017-01-09,19897500.0,0.05412399505256648
2017-01-10,18300000.0,0.23345959595959595
2017-01-11,18254000.0,0.11217775526286164
2017-01-12,18951000.0,0.034867243867243866
2017-01-13,30465000.0,0.025787284610814025
2017-01-17,23087500.0,0.058700096200096176
2017-01-18,18845000.0,0.024798865851497424
2017-01-19,38661500.0,0.05010382329189669
2017-01-20,21021500.0,-0.010484848484848484
2017-01-23,31314500.0,0.02232572982572982
2017-01-24,24827500.0,0.0680950172276703
2017-01-25,25713000.0,0.03211287477954145
2017-01-26,15760500.0,-0.0069769863584296585
2017-01-27,15831500.0,-0.03117484367484367
2017-01-30,19005500.0,0.018906105876694123
2017-01-31,20580500.0,-0.030500459136822766
2017-02-01,19794000.0,0.03900054971483546
2017-02-02,12499000.0,0.01472134767589314
2017-02-03,10933500.0,0.0030827454438565687
2017-02-06,17812500.0,0.12705795496493172
2017-02-07,21224000.0,0.006170274170274178
2017-02-08,19665000.0,0.0014087301587301711
2017-02-09,39101000.0,0.043179466230936825
2017-02-10,18098500.0,0.0034624017957351296
2017-02-13,35148000.0,0.046794501794501814
2017-02-14,36726000.0,0.17053545963840108
2017-02-15,24739500.0,0.20047169811320747
2017-02-16,35386500.0,0.14891741071428574
2017-02-17,31285500.0,0.10979668271803104
2017-02-21,28383500.0,0.02740780340349306
2017-02-22,43775000.0,0.1142507102272728
2017-02-23,74576000.0,0.10721552461166685
2017-02-24,40858000.0,0.0767069992069993
2017-02-27,57304000.0,0.08572478662594937
2017-02-28,30390500.0,0.05308065123282512
2017-03-01,24047500.0,0.025141531595019976
2017-03-02,16759000.0,0.1556363987093154
2017-03-03,14597000.0,0.031350058515412844
2017-03-06,16777500.0,0.04636844636844636
2017-03-07,17297500.0,0.051273792345220906
2017-03-08,18626000.0,0.06376262626262626
2017-03-09,19396500.0,0.19529037447070235
2017-03-10,15331500.0,0.13671513708513705
2017-03-13,15113000.0,0.017595990965556186
2017-03-14,37992000.0,0.03224752748875556
2017-03-15,26654000.0,-0.045396789971258136
2017-03-16,35661000.0,0.007694115956311079
2017-03-17,32487500.0,0.12430701298701279
2017-03-20,18071500.0,0.03554778554778555
2017-03-21,34543000.0,0.03309343434343434
2017-03-22,20296500.0,0.10257116620752983
2017-03-23,16601000.0,0.06686117936117936
2017-03-24,28236500.0,0.05910047317024059
2017-03-27,31154000.0,0.08535804473304473
2017-03-28,39938000.0,0.09655416065416064
2017-03-29,18381000.0,0.11576010101010104
2017-03-30,20742000.0,0.11237815656565657
2017-03-31,16473000.0,0.0729560212514758
2017-04-03,69443000.0,0.19027839785206443
2017-04-04,50673000.0,0.09979011880291505
2017-04-05,39404500.0,0.11104540968530607
2017-04-06,27603000.0,0.15430212764628354
2017-04-07,22898000.0,-0.017963033698327826
2017-04-10,38322500.0,0.05854078601137427
2017-04-11,28623000.0,0.10521330731558001
2017-04-12,30253500.0,-0.018670720298220252
2017-04-13,46423000.0,-0.21441174461060827
2017-04-17,20693500.0,0.06427016645326505
2017-04-18,15178500.0,0.1378200991395436
2017-04-19,19490000.0,0.01491623552599162
2017-04-20,30747000.0,0.043640270630836676
2017-04-21,22549000.0,0.0087345283824157
2017-04-24,25417500.0,0.08565095398428733
2017-04-25,33688500.0,0.07280634299989143
2017-04-26,23475000.0,0.038875747268604405
2017-04-27,17343000.0,0.05594647078689632
2017-04-28,22527500.0,0.07170039263062519
2017-05-01,44148000.0,0.15292718855218854
2017-05-02,26914000.0,-0.025970462929089576
2017-05-03,35667000.0,0.041361339870955256
2017-05-04,70760000.0,0.014706327507079406
2017-05-05,40886500.0,0.07107415536992999
2017-05-08,35032500.0,0.09056710724263915
2017-05-09,48382500.0,-0.00820232399179768
2017-05-10,28708000.0,0.12778447352310993
2017-05-11,23769000.0,0.023564983164983164
2017-05-12,20608000.0,0.05773638642059695
2017-05-15,38110000.0,0.07048439885396407
2017-05-16,20762500.0,0.08127776441665333
2017-05-17,33559500.0,0.005812289562289558
2017-05-18,28269000.0,0.020445011337868482
2017-05-19,23438000.0,-0.06028614364503934
2017-05-22,21646000.0,0.06626105564881075
2017-05-23,21592000.0,0.06087671587671588
2017-05-24,25166500.0,0.03219866365518539
2017-05-25,25070000.0,0.11518383722012752
2017-05-26,39011000.0,0.1153508771929825
2017-05-30,38914500.0,0.07318490742434407
2017-05-31,49817000.0,0.10652325980897415
2017-06-01,38040000.0,0.0914313590449954
2017-06-02,27951000.0,0.13718253968253974
2017-06-05,33922000.0,0.057183701420989545
2017-06-06,55434000.0,0.11487785297644448
2017-06-07,46990000.0,0.12460050531479103
2017-06-08,45307500.0,0.16624210013077195
2017-06-09,86307000.0,0.1267105186264065
2017-06-12,52588500.0,0.08462202671880094
2017-06-13,59039500.0,0.07237207792207793
2017-06-14,64092000.0,0.04328223410576354
2017-06-15,52132500.0,0.0649803751803752
2017-06-16,33655000.0,0.09237795537795535
2017-06-19,32746500.0,0.01539762706429373
2017-06-20,37193500.0,0.07748677248677252
2017-06-21,24616000.0,0.09461727666273119
2017-06-22,37649000.0,0.08856415972087615
2017-06-23,32229000.0,0.08241747835497838
2017-06-26,33020500.0,0.09048069985569987
2017-06-27,34982000.0,0.02642857142857143
2017-06-28,31512500.0,0.05732650162337662
2017-06-29,41105000.0,0.08249278499278496
2017-06-30,29242500.0,0.05488541936458605
2017-07-03,31527000.0,0.019751349473571697
2017-07-05,85233500.0,0.1675547494263821
2017-07-06,96622500.0,0.02993257246624696
2017-07-07,70884500.0,0.07540226814162988
2017-07-10,69104500.0,0.07777855211567333
2017-07-11,57797000.0,0.054865497507542965
2017-07-12,51730500.0,-0.011962025316455698
2017-07-13,42972500.0,0.02016797880768469
2017-07-14,28126000.0,0.06323523250942606
2017-07-17,49384500.0,0.12522309767737322
2017-07-18,31868500.0,0.06998723344556679
2017-07-19,31785000.0,0.04257741046831957
2017-07-20,25831000.0,0.03562786563794628
2017-07-21,24508000.0,0.008417166797848619
2017-07-24,43185500.0,0.07031123560535325
2017-07-25,34946000.0,0.1172581073896863
2017-07-26,24104000.0,0.06111825805222032
2017-07-27,41512000.0,0.09857470812016267
2017-07-28,24402000.0,0.13985709366391183
2017-07-31,42675500.0,0.1041575486721118
2017-08-01,41515500.0,0.08061608642253804
2017-08-02,65457500.0,0.19243750270317073
2017-08-03,67675000.0,0.09269983479996075
2017-08-04,46344500.0,0.24859876965140124
2017-08-07,31622500.0,0.13358294104195742
2017-08-08,37249000.0,0.168054564893943
2017-08-09,34460500.0,0.06304993209404974
2017-08-10,35464500.0,0.026460055096418737
2017-08-11,21829000.0,0.05018817204301076
2017-08-14,22596000.0,-0.041525111079967154
2017-08-15,15425500.0,-0.004189814814814812
2017-08-16,17069000.0,0.04126262626262625
2017-08-17,25138500.0,0.06392625231910945
2017-08-18,27041000.0,0.310288451525565
2017-08-21,32477000.0,-0.10769109885548238
2017-08-22,21610000.0,0.08179125138427464
2017-08-23,24772500.0,0.07154550733819026
2017-08-24,22923500.0,0.0016405433646812996
2017-08-25,17420000.0,-0.06794306703397612
2017-08-28,18820000.0,-0.05544049564270152
2017-08-29,20368500.0,-0.003519061583577721
2017-08-30,17064500.0,0.06711840628507294
2017-08-31,20364000.0,0.08930239898989897
2017-09-01,15247500.0,-0.08044191919191918
2017-09-05,19175500.0,0.04967737722048068
2017-09-06,20457000.0,0.03491687710437711
2017-09-07,21196000.0,0.15669087491455913
2017-09-08,16317500.0,0.08560606060606062
2017-09-11,38335500.0,0.12401175621763859
2017-09-12,29864500.0,0.0457320114727522
2017-09-13,20926000.0,0.31640572390572397
2017-09-14,36012500.0,0.12435577145500809
2017-09-15,27102500.0,0.04771524771524771
2017-09-18,35940000.0,0.11520530626780633
2017-09-19,32259500.0,0.04957875508330056
2017-09-20,24595500.0,0.057363945578231296
2017-09-21,23091000.0,0.008740693917685064
2017-09-22,40797000.0,0.01830582611832612
2017-09-25,38029500.0,0.05033616043820126
2017-09-26,35781500.0,0.03731897627965043
2017-09-27,30301500.0,0.06290063331729998
2017-09-28,26598000.0,0.11126865243342512
2017-09-29,25535500.0,0.07650898596353142
2017-10-02,26434000.0,0.04525828941589811
2017-10-03,50768000.0,0.016935807850191418
2017-10-04,40817500.0,0.05339827841911178
2017-10-05,20858500.0,0.11765443551157835
2017-10-06,21487500.0,0.19536441130885565
2017-10-09,37468500.0,0.11011907338693053
2017-10-10,34892500.0,0.06086336884089692
2017-10-11,22504000.0,0.07678235846840498
2017-10-12,20435000.0,0.04069852941176471
2017-10-13,17702500.0,0.06157449494949495
2017-10-16,26877500.0,0.1675576159951159
2017-10-17,16466500.0,0.07489141414141415
2017-10-18,24695500.0,0.13360233285233283
2017-10-19,25309000.0,0.053645833333333344
2017-10-20,24652000.0,0.004603729603729603
2017-10-23,28736500.0,0.008742944818894198
2017-10-24,22458500.0,0.05531144781144781
2017-10-25,42970500.0,0.040879438322620136
2017-10-26,25117500.0,0.08304204745871414
2017-10-27,34898500.0,0.10946915968192565
2017-10-30,21272000.0,0.07255812089145423
2017-10-31,28361500.0,0.08333934583934584
2017-11-01,42286500.0,0.0009203670580915872
2017-11-02,98957000.0,0.08105496936082043
2017-11-03,44470000.0,-0.023344830991479038
2017-11-06,32430000.0,0.06680297371473841
2017-11-07,26471500.0,0.03163161922252831
2017-11-08,23626500.0,0.04285842293906811
2017-11-09,27235500.0,0.2307044807044807
2017-11-10,23127000.0,0.03187889678455716
2017-11-13,37924500.0,0.09453119631691058
2017-11-14,28380500.0,0.33766151777515413
2017-11-15,29893500.0,0.12440404040404036
2017-11-16,29110500.0,0.0485840608737668
2017-11-17,68675500.0,0.07511772077544333
2017-11-20,41238500.0,0.11953035194560617
2017-11-21,36306500.0,0.07404061254749332
2017-11-22,24588000.0,0.11503238105121667
2017-11-24,16220500.0,0.08588269054178148
2017-11-27,22779500.0,0.16049284586940835
2017-11-28,24747500.0,0.07398511352592986
2017-11-29,43837000.0,0.05245542356007473
2017-11-30,21758000.0,0.165384595079717
2017-12-01,21464500.0,0.12096125730994153
2017-12-04,29175500.0,0.14304056186868694
2017-12-05,23232500.0,0.05286608319217014
2017-12-06,35976500.0,0.026044372294372294
2017-12-07,23903000.0,0.07621484266221108
2017-12-08,17342500.0,0.04673120089786756
2017-12-11,39690000.0,0.06763697470330124
2017-12-12,43666000.0,0.06005267501858411
2017-12-13,31107500.0,0.07176839826839827
2017-12-14,28999500.0,0.07417977607709754
2017-12-15,34666000.0,-0.06305175352969472
2017-12-18,27381000.0,-0.002426004228329793
2017-12-19,34125000.0,0.10968498075998075
2017-12-20,29769000.0,0.055646034073453435
2017-12-21,21926000.0,-0.02029059249208504
2017-12-22,21079000.0,0.1148007816257816
2017-12-26,21892000.0,0.17855183609493958
2017-12-27,23560500.0,0.084456598295884
2017-12-28,21581500.0,0.0788573054613695
2017-12-29,18886000.0,0.03182095320767196
2018-01-02,21761000.0,0.050931163486719035
2018-01-03,22607500.0,0.10782243518130619
2018-01-04,49731500.0,-0.10732747438714321
2018-01-05,22956000.0,0.10235804182376763
2018-01-08,49297000.0,0.1339967034880828
2018-01-09,35733000.0,0.07101560245310244
2018-01-10,21549500.0,0.010654731332697434
2018-01-11,33227500.0,0.12862503062974767
2018-01-12,24125500.0,0.03721106412966878
2018-01-16,32371500.0,0.19413055822778047
2018-01-17,35517500.0,0.11871698132114794
2018-01-18,28429000.0,0.19136557539682544
2018-01-19,24441500.0,0.05980544077134986
2018-01-22,31052000.0,0.08547031024531024
2018-01-23,27327000.0,0.08516807391807388
2018-01-24,26437500.0,0.11229360212098313
2018-01-25,33701500.0,0.07673258691330977
2018-01-26,22697000.0,0.05090104802604805
2018-01-29,23735500.0,0.061494676494676485
2018-01-30,23588500.0,0.08727250180375182
2018-01-31,31070500.0,0.053954217629812874
2018-02-01,20988500.0,0.13296109240553683
2018-02-02,18524000.0,0.10909013305815629
2018-02-05,22320500.0,0.06422305764411027
2018-02-06,25442000.0,0.1590817775974026
2018-02-07,34846000.0,0.08078404509952128
2018-02-08,51573000.0,0.07069581092308365
2018-02-09,64668500.0,0.03025954986371651
2018-02-12,31139000.0,0.057966488477852136
2018-02-13,22801000.0,0.048486351611351605
2018-02-14,19753500.0,0.08478896103896104
2018-02-15,29564500.0,0.150928373015873
2018-02-16,28213000.0,0.07862612298096168
2018-02-20,20047000.0,0.08430566165860282
2018-02-21,16098000.0,0.012754165026892302
2018-02-22,34849000.0,0.2018817583515386
2018-02-23,29087000.0,0.17993164730006836
2018-02-26,21700000.0,0.07197820697820698
2018-02-27,23987000.0,0.14237373737373735
2018-02-28,30348500.0,0.11359895248784138
2018-03-01,34428000.0,0.05648399014778325
2018-03-02,25464000.0,0.10440830721003132
2018-03-05,19119000.0,-0.04347047712901371
2018-03-06,21428500.0,-0.01624852420306969
2018-03-07,25036500.0,0.05226928755998523
2018-03-08,17831000.0,-0.030642790229483807
2018-03-09,27534000.0,0.044997160194900285
2018-03-12,41320000.0,0.13549936972350765
2018-03-13,29829000.0,0.07815464091235695
2018-03-14,39837000.0,-0.01667925482186045
2018-03-15,32824000.0,0.10810368372666761
2018-03-16,30586500.0,0.040861695775488885
2018-03-19,37421500.0,0.017704212454212456
2018-03-20,23821500.0,0.046939662404778676
2018-03-21,29792000.0,0.044689363553610854
2018-03-22,24699000.0,0.12298288690476185
2018-03-23,33274500.0,0.09649771878448352
2018-03-26,41876000.0,0.17997522650391506
2018-03-27,69360000.0,-0.015678521214235488
2018-03-28,105007000.0,-0.0444652354210191
2018-03-29,75853500.0,-0.08365870194755827
2018-04-02,80570000.0,0.005306087837785191
2018-04-03,94222000.0,0.07097193270698708
2018-04-04,99483500.0,0.046839652402923995
2018-04-05,95605500.0,0.09629269951562944
2018-04-06,67601500.0,0.12020701433982683
2018-04-09,51249000.0,0.29098452052997514
2018-04-10,54949000.0,0.05761601950238311
2018-04-11,37414500.0,0.042507766901423626
2018-04-12,38044000.0,0.07828110862485863
2018-04-13,36636000.0,0.1300433697089946
2018-04-16,31692500.0,0.12144274376417231
2018-04-17,35000000.0,-0.002661893882131976
2018-04-18,32788500.0,0.04195101091168506
2018-04-19,30453000.0,0.14403330422606125
2018-04-20,28139500.0,0.18466480741480748
2018-04-23,24467000.0,0.0736573914591156
2018-04-24,28426500.0,0.17051906715969214
2018-04-25,20068000.0,0.11830938564981118
2018-04-26,21780000.0,0.09737931182574039
2018-04-27,21823000.0,0.0820353731109545
2018-04-30,21141000.0,0.033950036075036084
2018-05-01,23128000.0,0.07084937304208137
2018-05-02,44852000.0,0.17020908788464942
2018-05-03,86760500.0,-0.04294717659134254
2018-05-04,42847000.0,-0.07072300951466483
2018-05-07,43391000.0,0.04741296763339172
2018-05-08,29650000.0,0.05450946439439516
2018-05-09,28637000.0,0.07762562210042051
2018-05-10,28258000.0,0.06134001664064956
2018-05-11,23398000.0,0.04573240416990417
2018-05-14,36434000.0,0.08857850351458309
2018-05-15,47596000.0,0.07402834054834058
2018-05-16,28370000.0,0.030908248772832086
2018-05-17,22103000.0,0.054379927869015174
2018-05-18,36259500.0,0.04771178182197919
2018-05-21,45913000.0,0.09455116792929293
2018-05-22,44729000.0,0.10105559708077695
2018-05-23,29925500.0,0.04902244600104622
2018-05-24,20883500.0,0.07105294113797514
2018-05-25,19375500.0,0.028526449184343917
2018-05-29,28333000.0,0.09517974386724387
2018-05-30,37448500.0,0.07515505516781028
2018-05-31,29598500.0,0.05632546425537082
2018-06-01,27122000.0,0.07490608050952875
2018-06-04,23989000.0,0.04333870969473647
2018-06-05,29976000.0,0.06392965180074554
2018-06-06,93836500.0,0.09936900396927144
2018-06-07,71726500.0,0.10949846269182205
2018-06-08,41026000.0,0.08648888054500298
2018-06-11,65917500.0,0.1669458874458874
2018-06-12,111737000.0,0.087907591108655
2018-06-13,47349000.0,0.11683419514109111
2018-06-14,54905000.0,0.10765485356108427
2018-06-15,54241500.0,0.0654844633228092
2018-06-18,60366000.0,0.09003855310465883
2018-06-19,63809500.0,0.12495105820105817
2018-06-20,41918500.0,0.14824735780699083
2018-06-21,39835500.0,0.07108368796928118
2018-06-22,51330500.0,0.04898186746952179
2018-06-25,34656500.0,0.045566635745207175
2018-06-26,37262500.0,0.06578683035714285
2018-06-27,41668500.0,0.08214797270125139
2018-06-28,41990000.0,0.10897798178832663
2018-06-29,32462000.0,0.052759040069166666
2018-07-02,93799000.0,0.05413577329143043
2018-07-03,61413000.0,-0.08665273316116573
2018-07-05,87382000.0,0.037153369475407795
2018-07-06,44327500.0,0.07790834155823335
2018-07-09,37984000.0,0.047432151182151175
2018-07-10,47357500.0,0.12371337076771863
2018-07-11,24420500.0,0.048574457599078816
2018-07-12,28606000.0,0.1264099355505606
2018-07-13,29349000.0,0.048971866384039595
2018-07-16,39093500.0,0.05943677608784563
2018-07-17,34981000.0,0.11134433686238501
2018-07-18,28121000.0,0.08641568100994329
2018-07-19,29576500.0,0.05198511113819085
2018-07-20,25811000.0,0.023658921661741213
2018-07-23,54964500.0,0.03985341514696032
2018-07-24,47954000.0,0.04529735857771946
2018-07-25,35377000.0,0.09771727622025245
2018-07-26,23152500.0,0.1100282875337223
2018-07-27,28516500.0,0.05989901996151999
2018-07-30,34070500.0,0.03425271347748411
2018-07-31,25384500.0,0.030943092272953377
2018-08-01,50647000.0,0.06844002508689147
2018-08-02,116075000.0,0.07356608764854555
2018-08-03,68282500.0,0.10637804141264358
2018-08-06,42821500.0,0.04750629075919775
2018-08-07,154379000.0,0.06995926406869464
2018-08-08,122856000.0,0.07763308156155636
2018-08-09,85919000.0,0.07578700278622473
2018-08-10,57760000.0,0.05580174362674364
2018-08-13,52319500.0,0.045479314313673955
2018-08-14,34932000.0,0.071201003791783
2018-08-15,45506500.0,0.03944639550264551
2018-08-16,30320000.0,0.03671679915653131
2018-08-17,94793000.0,-0.0005110994899025425
2018-08-20,87011500.0,-0.035761130913288655
2018-08-21,65861000.0,0.027672714638853884
2018-08-22,29730000.0,0.035072264699063264
2018-08-23,25736500.0,0.08597137947552032
2018-08-24,18013000.0,0.11683682876710087
2018-08-27,65396500.0,0.028074934092460545
2018-08-28,38245500.0,0.011497267969550569
2018-08-29,37237000.0,0.041138347860953384
2018-08-30,36083500.0,0.20996889084852047
2018-08-31,26875500.0,0.19655532434502365
2018-09-04,41752500.0,0.020741306089000724
2018-09-05,38604000.0,0.03792242039442039
2018-09-06,37404000.0,0.018247982441501973
2018-09-07,112459500.0,0.07606530757128228
2018-09-10,71417500.0,0.09782643024608609
2018-09-11,45850000.0,0.03833315824915825
2018-09-12,50077000.0,0.08587606792717095
2018-09-13,31701500.0,0.10642669087185215
2018-09-14,33828000.0,0.15456873709079572
2018-09-17,34438000.0,0.07744909286315534
2018-09-18,82737500.0,-0.09213468081102456
2018-09-19,41474500.0,-0.0160061392449883
2018-09-20,36747000.0,0.024505748193866996
2018-09-21,25252500.0,0.11416093599687349
2018-09-24,24215000.0,0.05210971064712561
2018-09-25,22408500.0,0.107426533618498
2018-09-26,39216000.0,0.07454436259165095
2018-09-27,42545500.0,0.01742920930782281
2018-09-28,168248500.0,0.020935636813647938
2018-10-01,108888000.0,0.020334161499433484
2018-10-02,58717500.0,0.038765257206193095
2018-10-03,39975000.0,0.06552393276091194
2018-10-04,49071000.0,0.023448272327748057
2018-10-05,89722500.0,0.04397282315176493
2018-10-08,67363500.0,0.10337141913863471
2018-10-09,60303000.0,0.05781317863048636
2018-10-10,64076500.0,0.04477901919033404
2018-10-11,40838500.0,0.07824714926277426
2018-10-12,36007000.0,0.09709165652793103
2018-10-15,31000000.0,0.07465923406399597
2018-10-16,47632000.0,0.07628883382313262
2018-10-17,43277500.0,0.040437610780991284
2018-10-18,27106000.0,0.059680325289367855
2018-10-19,46877500.0,0.054958083503342144
2018-10-22,28001500.0,0.08099230824894547
2018-10-23,95139000.0,0.06652159604221648
2018-10-24,100291500.0,0.07001075951707228
2018-10-25,104203500.0,0.12264595474466722
2018-10-26,137127500.0,0.07788254384766763
2018-10-29,72430000.0,0.07104175174929893
2018-10-30,45633500.0,0.11425133575938697
2018-10-31,38121500.0,0.15304266814367826
2018-11-01,40000500.0,0.1446697668851134
2018-11-02,39040000.0,0.05737020937863636
2018-11-05,39155000.0,0.09759559055248707
2018-11-06,33814500.0,0.1138112373737374
2018-11-07,36872500.0,0.04969758878127521
2018-11-08,35453500.0,0.09326186898500953
2018-11-09,25494000.0,0.06025531398302098
2018-11-12,34707500.0,0.05834784143225701
2018-11-13,27243000.0,0.1420849479644932
2018-11-14,25201500.0,0.14260965952037366
2018-11-15,23128500.0,0.10519500038340619
2018-11-16,36031000.0,0.08579390933140932
2018-11-19,48544500.0,0.11942295114024085
2018-11-20,40023500.0,0.10216941134466909
2018-11-21,23434000.0,0.12048441585565646
2018-11-23,21013000.0,0.054761268823768826
2018-11-26,39960500.0,0.046024416317075045
2018-11-27,31791500.0,0.08643417373557563
2018-11-28,20638000.0,0.05516791333666334
2018-11-29,15403500.0,0.06379526021267094
2018-11-30,28145500.0,0.11811358919656334
2018-12-03,41532500.0,0.11463504890171555
2018-12-04,42309500.0,0.10200962397390965
2018-12-06,39212500.0,0.060619382986120726
2018-12-07,57556000.0,0.0665216115064952
2018-12-10,33067500.0,0.06095857707384651
2018-12-11,31544000.0,0.10281755896013711
2018-12-12,25135000.0,0.06202519669483956
2018-12-13,36829500.0,0.07555566863479707
2018-12-14,31688000.0,0.10785495001764843
2018-12-17,38370000.0,0.19218028107158544
2018-12-18,35500000.0,0.07495063173260848
2018-12-19,41371000.0,0.09104456399746255
2018-12-20,45359500.0,0.09509497839806057
2018-12-21,40084000.0,0.12331375469768326
2018-12-24,27799500.0,-0.17574145761645757
2018-12-26,40815500.0,0.059595353702496585
2018-12-27,42875500.0,0.10943772036629174
2018-12-28,49695000.0,0.12185340371536195
2018-12-31,31511500.0,0.08912344426406928
2019-01-02,58293000.0,-0.021543373022008202
2019-01-03,34826000.0,0.03568431449383824
2019-01-04,36970500.0,0.07849182299182296
2019-01-07,37756000.0,0.03483538355198661
2019-01-08,35042500.0,0.07875594814136479
2019-01-09,27164500.0,0.0723706060987807
2019-01-10,30282000.0,0.061720249304995076
2019-01-11,25195500.0,0.0682593560230279
2019-01-14,26236500.0,0.008771321271321266
2019-01-15,30283000.0,0.13863173629721245
2019-01-16,23458500.0,0.07129576638051212
2019-01-17,18383500.0,0.0743484388704977
2019-01-18,120754000.0,0.04002143938476191
2019-01-22,60333500.0,0.0718679338460892
2019-01-23,62650000.0,0.19081817000491696
2019-01-24,40061000.0,0.1461245460021129
2019-01-25,36248000.0,0.13906936605354328
2019-01-28,32116500.0,0.09243696581899467
2019-01-29,23108500.0,0.07044665464165467
2019-01-30,56251500.0,0.05761307993353447
2019-01-31,62846000.0,0.0594576430189748
2019-02-01,36417000.0,0.08073412530386047
2019-02-04,36760500.0,-0.00419444116489572
2019-02-05,33714000.0,0.07157810685249709
2019-02-06,25192500.0,0.12603108477374625
2019-02-07,32603000.0,0.13390998785165445
2019-02-08,29221000.0,0.06317554359221025
2019-02-11,35648500.0,0.03131061088075855
2019-02-12,27588000.0,0.09340147659804149
2019-02-13,25708000.0,0.17885869726678547
2019-02-14,26004000.0,0.1567165023561508
2019-02-15,19524500.0,0.10087894092439545
2019-02-19,20842000.0,0.07163709108351965
2019-02-20,35710500.0,0.09915683866834991
2019-02-21,44546000.0,-0.2218039727750001
2019-02-22,28703000.0,-0.25811640809569
2019-02-25,33132500.0,0.010124133197049868
2019-02-26,42912500.0,0.0015550145563276404
2019-02-27,55919500.0,0.007995959523053155
2019-02-28,52603500.0,0.05044513155735954
2019-03-01,114557000.0,0.0304996361513305
2019-03-04,85484000.0,0.014618925323857298
2019-03-05,93823500.0,0.03797267344057972
2019-03-06,51677500.0,0.050756388287638295
2019-03-07,47212500.0,0.02950278444028444
2019-03-08,44098000.0,0.009740032724187645
2019-03-11,36961500.0,0.03393199487587243
2019-03-12,37520500.0,0.07272431252750405
2019-03-13,34223500.0,0.06212310640222571
2019-03-14,35517000.0,0.07261445852015047
2019-03-15,73927500.0,0.07763543592269559
2019-03-18,51405000.0,0.039739587475807955
2019-03-19,59003000.0,0.0139478892950864
2019-03-20,34541000.0,0.016688725468228572
2019-03-21,29735500.0,0.05756380135087761
2019-03-22,43728000.0,0.06508818038489754
2019-03-25,51075000.0,0.008396471146471157
2019-03-26,36754500.0,0.041410895853852187
2019-03-27,43896000.0,0.013332290978319032
2019-03-28,33870500.0,0.06692140673008017
2019-03-29,29956500.0,0.016748225732600753
2019-04-01,40552000.0,0.14559370477704262
2019-04-02,27394500.0,0.05543139730639721
2019-04-03,39597000.0,-2.9074761217577034e-06
2019-04-04,118603500.0,-0.007515977979961023
2019-04-05,65191500.0,0.03807603382603377
2019-04-08,52052000.0,0.024305507455507462
2019-04-09,29520000.0,0.08020514582095471
2019-04-10,35306500.0,0.1028045857889302
2019-04-11,49179500.0,0.09456026943686177
2019-04-12,33730000.0,0.05928672597335791
2019-04-15,50193000.0,0.05542028534395793
2019-04-16,36364500.0,0.09350190307567352
2019-04-17,25632500.0,0.10612270387270384
2019-04-18,29381500.0,0.12940547014342196
2019-04-22,60735500.0,0.06416071751761826
2019-04-23,54719500.0,0.07811826009543994
2019-04-24,53637500.0,0.05550838916975281
2019-04-25,109247000.0,0.1042443668180669
2019-04-26,111803500.0,0.04836255590141073
2019-04-29,83572500.0,0.04336931442400193
2019-04-30,47323000.0,0.08493764505480901
2019-05-01,53522000.0,0.05821537640469048
2019-05-02,90796500.0,0.028970248285926245
2019-05-03,118534000.0,0.15944194305107
2019-05-06,54169500.0,0.06228593772920012
2019-05-07,50657000.0,0.08552883958591721
2019-05-08,30882000.0,0.03684461179252845
2019-05-09,33557000.0,0.09630986323111704
2019-05-10,35041500.0,0.08070012404647826
2019-05-13,54174000.0,-0.023780762133385574
2019-05-14,36262000.0,0.061595786503611305
2019-05-15,36480000.0,0.08932181124238418
2019-05-16,37416500.0,0.02796163522287118
2019-05-17,88933500.0,-0.030966178488465276
2019-05-20,102631000.0,0.01806518665836009
2019-05-21,90019500.0,-0.12822672375830507
2019-05-22,93426000.0,-0.06166051816556015
2019-05-23,132735500.0,0.043673863679600466
2019-05-24,70683000.0,0.03991647383873432
2019-05-28,51564500.0,0.060596471527829925
2019-05-29,59843000.0,0.02369201113203356
2019-05-30,39632500.0,0.04262902178145448
2019-05-31,52033500.0,0.11290309147859696
2019-06-03,65322000.0,0.07895863696630573
2019-06-04,69037500.0,0.04543914501173041
2019-06-05,67554000.0,-0.027821198058148623
2019-06-06,101211000.0,0.024949261331038416
2019-06-07,80017500.0,0.04108405583918502
2019-06-10,52925000.0,0.07912934841613416
2019-06-11,58267500.0,0.04686540754769923
2019-06-12,75987500.0,0.06068449787431698
2019-06-13,40841500.0,0.0659750819519727
2019-06-14,37167000.0,0.05285153045073679
2019-06-17,61584000.0,0.11384488358994012
2019-06-18,63579000.0,0.06244442505854195
2019-06-19,32875500.0,0.07635838431383164
2019-06-20,59317500.0,0.07295375960946139
2019-06-21,41010500.0,0.015286287413303533
2019-06-24,28754000.0,0.08129936004936004
2019-06-25,30910500.0,0.1195454830858312
2019-06-26,42536000.0,0.06266979255627214
2019-06-27,31698500.0,0.10391174432292853
2019-06-28,34257000.0,0.10604007661236581
2019-07-01,41067000.0,0.09237909623543952
2019-07-02,46295000.0,0.0822785182290053
2019-07-03,71005500.0,0.061654370878633916
2019-07-05,35328500.0,0.05701546192825265
2019-07-08,29402500.0,0.1360314263764028
2019-07-09,30954000.0,0.055266382310499955
2019-07-10,45728500.0,0.0999567278887454
2019-07-11,37572000.0,0.008466009819905928
2019-07-12,46002500.0,0.08893309983499859
2019-07-15,55000500.0,0.11629694401882568
2019-07-16,40745000.0,0.08473829555860805
2019-07-17,48823500.0,0.10682187521473235
2019-07-18,23793000.0,0.06918411449661449
2019-07-19,35242000.0,0.07922168109668111
2019-07-22,34212000.0,0.07340630933394092
2019-07-23,25115500.0,0.06815238753933021
2019-07-24,55364000.0,0.042140491685847575
2019-07-25,112091500.0,0.06168367141561666
2019-07-26,50138500.0,0.029859307792056318
2019-07-29,46366500.0,0.03949242963495111
2019-07-30,40545000.0,0.10462454599444393
2019-07-31,45891000.0,0.10307182689995188
2019-08-01,41297500.0,0.04819104570840683
2019-08-02,30682500.0,0.08110209636042973
2019-08-05,35141500.0,0.13328854375309596
2019-08-06,27821000.0,0.040645867855689286
2019-08-07,23882500.0,0.0658882298257298
2019-08-08,26371500.0,0.05399494281438726
2019-08-09,19491000.0,0.09621943960179255
2019-08-12,23319500.0,0.08824599956642211
2019-08-13,24240500.0,0.11457490914435357
2019-08-14,47813000.0,0.1471772924045651
2019-08-15,40798000.0,0.07236500303047921
2019-08-16,25492500.0,0.13611339480857024
2019-08-19,26548000.0,0.09171997182711465
2019-08-20,20626000.0,0.17557608363858368
2019-08-21,38971500.0,0.0768654162903738
2019-08-22,32795000.0,0.07688071710897795
2019-08-23,42693000.0,0.04020970559941146
2019-08-26,25259500.0,0.06057921906136192
2019-08-27,27081000.0,0.038675418626399026
2019-08-28,16127500.0,0.03479865760038174
2019-08-29,25897500.0,0.0687645934312601
2019-08-30,46603000.0,0.04753532143168621
2019-09-03,26770500.0,0.06569309348630337
2019-09-04,28805000.0,0.015732171230766732
2019-09-05,36976500.0,0.11652953098967592
2019-09-06,20947000.0,0.09542939886689887
2019-09-09,24013500.0,0.04693329572318934
2019-09-10,24418500.0,0.08522762801171892
2019-09-11,50214000.0,0.13329122721327777
2019-09-12,42906000.0,0.0989554369810517
2019-09-13,26565500.0,0.10583414666141938
2019-09-16,23640500.0,0.04936097410482656
2019-09-17,19327000.0,0.04485581745490281
2019-09-18,20851000.0,0.07104272561084359
2019-09-19,23979000.0,0.05860696834782201
2019-09-20,31765000.0,0.0849113838602475
2019-09-23,21701000.0,0.09307078107078108
2019-09-24,64457500.0,0.04316487706193587
2019-09-25,47135500.0,0.09772914612200326
2019-09-26,59422500.0,0.0762751533189033
2019-09-27,55582000.0,0.036010959205403655
2019-09-30,29399000.0,0.06544227994227995
2019-10-01,30813000.0,0.05857348219361205
2019-10-02,28157000.0,0.01884945760562537
2019-10-03,75422500.0,0.014454579349494104
2019-10-04,39975000.0,0.03611570638356353
2019-10-07,40321000.0,0.10250162154354227
2019-10-08,43391000.0,0.006733650658831494
2019-10-09,34472000.0,0.056306115249129964
2019-10-10,31416500.0,0.04936162926597334
2019-10-11,42377000.0,0.07214845984124593
2019-10-14,51025000.0,0.12236125631920562
2019-10-15,32164000.0,0.12904876599849424
2019-10-16,33420500.0,0.10305685770847813
2019-10-17,23846500.0,0.09358528046028046
2019-10-18,28749000.0,0.08000253861364974
2019-10-21,25101500.0,0.19666911859594788
2019-10-22,23004000.0,0.12803989898989898
2019-10-23,26305500.0,0.1326692835705008
2019-10-24,148604500.0,0.12177751079497923
2019-10-25,150030500.0,0.09170939169465825
2019-10-28,94351500.0,0.094462870501736
2019-10-29,63421500.0,0.06933422016229628
2019-10-30,48209000.0,0.10072985876557308
2019-10-31,25335000.0,0.05999755244755246
2019-11-01,31919500.0,0.12815608192312739
2019-11-04,43935000.0,0.104638468013468
2019-11-05,34717000.0,0.08811014911014911
2019-11-06,39704500.0,0.06443600623362529
2019-11-07,72336500.0,0.10673128381005095
2019-11-08,30346000.0,0.05881549456202235
2019-11-11,49933500.0,0.031893374667907384
2019-11-12,36797000.0,0.11882770038127184
2019-11-13,42100500.0,0.12299388621189215
2019-11-14,32324500.0,0.12306048632437523
2019-11-15,24045000.0,0.08457706358339272
2019-11-18,22002000.0,0.13117653692653694
2019-11-19,38624000.0,0.08052829965145233
2019-11-20,33625500.0,0.14216468386111242
2019-11-21,30550000.0,0.12817595860258907
2019-11-22,84353000.0,0.03336238699106877
2019-11-25,61697500.0,0.0768504977323517
2019-11-26,39737000.0,0.10219768396954186
2019-11-27,27778000.0,0.06999552159400642
2019-11-29,12328000.0,0.11292429503367006
2019-12-02,30372500.0,0.10925719305679622
2019-12-03,32868500.0,0.19123434089845662
2019-12-04,27665000.0,0.17612439429569057
2019-12-05,18623000.0,0.09130345125583218
2019-12-06,38062000.0,0.1556349145820622
2019-12-09,45115500.0,-0.020366900189431044
2019-12-10,44141500.0,0.11796565441022985
2019-12-11,34489000.0,0.16252560901897178
2019-12-12,38819500.0,0.10903424557862965
2019-12-13,32854500.0,0.13635912698412697
2019-12-16,90871000.0,0.16234945585773097
2019-12-17,42484000.0,0.13575596370495477
2019-12-18,70605000.0,0.10769171848775154
2019-12-19,90535500.0,0.10241268047730354
2019-12-20,73763500.0,0.12333032867187282
2019-12-23,66598000.0,0.10841998059147717
2019-12-24,40273500.0,0.12287196430930608
2019-12-26,53169500.0,0.08053104472291053
2019-12-27,49728500.0,0.11873364397326547
2019-12-30,62932000.0,0.060737792627768794
2019-12-31,51428500.0,0.1169130440747228
2020-01-02,47660500.0,0.11848795178656288
2020-01-03,88892500.0,0.15412174002196666
2020-01-06,50665000.0,0.11185849584888047
2020-01-07,89410500.0,0.12539898051405568
2020-01-08,155721500.0,0.10269443135121402
2020-01-09,142202000.0,0.09587211515989393
2020-01-10,64797500.0,0.09794947957075653
2020-01-13,132588000.0,0.09670026196951023
2020-01-14,144981000.0,0.0961071882124342
2020-01-15,86844000.0,0.047402171704753394
2020-01-16,108683500.0,0.09973340346737786
2020-01-17,68145500.0,0.09571608290314274
2020-01-21,89017500.0,0.08172400705467371
2020-01-22,156845000.0,0.0821783638866972
2020-01-23,98255000.0,0.0960513947473122
2020-01-24,71768000.0,0.06953446626347143
2020-01-27,68040500.0,0.08488674876174876
2020-01-28,58942500.0,0.09824961143058161
2020-01-29,89007500.0,0.062116056201586785
2020-01-30,145028500.0,0.10709565400743727
2020-01-31,78596500.0,0.15396273028252236
2020-02-03,236167500.0,0.09390753697703566
2020-02-04,304694000.0,0.06307999785283654
2020-02-05,242119000.0,0.06927836520277403
2020-02-06,199404000.0,0.06394852702701442
2020-02-07,85317500.0,0.13842977779645044
2020-02-10,123446000.0,0.06383421655695314
2020-02-11,58487500.0,0.08576389711268137
2020-02-12,60112500.0,0.07949037683696777
2020-02-13,131446500.0,0.04210317313936524
2020-02-14,78468500.0,0.06545943645047718
2020-02-18,81908500.0,0.09493714602161978
2020-02-19,127115000.0,0.10923970109562343
2020-02-20,88174500.0,0.08247687069474138
2020-02-21,71574000.0,0.08389650381108274
2020-02-24,75961000.0,0.09908267109874254
2020-02-25,86452500.0,0.050196038618421285
2020-02-26,70427500.0,0.05742012774530887
2020-02-27,121386000.0,0.05217261285496305
2020-02-28,122821000.0,0.06138420277394409
2020-03-02,100975000.0,0.0636409427546387
2020-03-03,128920000.0,0.08684136342663308
2020-03-04,75245000.0,0.10678058718778416
2020-03-05,54263500.0,0.12514600715642385
2020-03-06,63314500.0,0.08852904332273262
2020-03-09,85368500.0,0.0809934899333471
2020-03-10,77972000.0,0.0683137385296956
2020-03-11,66612500.0,0.1061046638024039
2020-03-12,94545500.0,0.05711170616857314
2020-03-13,113201500.0,0.07459712811343243
2020-03-16,102447500.0,0.07221746685279298
2020-03-17,119973000.0,0.05083173205395429
2020-03-18,118931000.0,0.05803368601753377
2020-03-19,150977500.0,0.06148873263588186
2020-03-20,141427500.0,0.10969254611601552
2020-03-23,82272500.0,0.08433732658980184
2020-03-24,114476000.0,0.10355221966167245
2020-03-25,106113500.0,0.12639538742877598
2020-03-26,86903500.0,0.09288965600507167
2020-03-27,71887000.0,0.11343242757634292
2020-03-30,59990500.0,0.0519479741923351
2020-03-31,88857500.0,0.10458688636121524
2020-04-01,66766000.0,0.07063854762961905
2020-04-02,99292000.0,0.08940947799922702
2020-04-03,112810500.0,0.11494224289042222
2020-04-06,74509000.0,0.1446077107579533
2020-04-07,89599000.0,0.11731382959724546
2020-04-08,63280000.0,0.06273766631563348
2020-04-09,68250000.0,0.09846653181474609
2020-04-13,112377000.0,0.08152340757664832
2020-04-14,152882500.0,0.1007627533619683
2020-04-15,117885000.0,0.0688716622606608
2020-04-16,103289500.0,0.06620810211881639
2020-04-17,65641000.0,0.14603944611571737
2020-04-20,73733000.0,0.09700238828123446
2020-04-21,101045500.0,0.08462985223004306
2020-04-22,71124000.0,0.07634820252211556
2020-04-23,66183500.0,0.086102407461301
2020-04-24,66188000.0,0.09505754012140882
2020-04-27,103407000.0,0.07874539041205703
2020-04-28,76110000.0,0.0735865093667957
2020-04-29,81080000.0,0.07583161908347757
2020-04-30,142359500.0,0.09753930315110222
2020-05-01,162659000.0,0.11196985097786367
2020-05-04,96185500.0,0.09167464319643917
2020-05-05,84958500.0,0.08483614596869474
2020-05-06,55616000.0,0.07923570199665504
2020-05-07,57638500.0,0.07958061486578939
2020-05-08,80650500.0,0.1398932128516753
2020-05-11,82598000.0,0.07230866374088454
2020-05-12,79534500.0,0.08889755780796901
2020-05-13,95327500.0,0.10531152623201945
2020-05-14,68411000.0,0.05017586223435349
2020-05-15,52592000.0,0.07211297031504289
2020-05-18,58490500.0,0.09154546874408388
2020-05-19,48182500.0,0.05641774734766286
2020-05-20,36546500.0,0.05205288444617716
2020-05-21,61273000.0,0.06987758131016823
2020-05-22,49937500.0,0.0827442389128225
2020-05-26,40448500.0,0.15623134483361759
2020-05-27,57747500.0,0.08459775087501152
2020-05-28,36278000.0,0.1061815412227646
2020-05-29,59062500.0,0.11739844480292594
2020-06-01,74697500.0,0.12336376105251937
2020-06-02,67828000.0,0.11606884295722356
2020-06-03,39747500.0,0.10479462656627465
2020-06-04,44438500.0,0.06472362785529864
2020-06-05,39059500.0,0.11503450051803485
2020-06-08,70873500.0,0.09537396443821024
2020-06-09,56941000.0,0.11856016961043823
2020-06-10,92817000.0,0.07913897485992662
2020-06-11,79582500.0,0.11482221728205083
2020-06-12,83817000.0,0.11174351774880156
2020-06-15,78486000.0,0.08336400173900178
2020-06-16,70255500.0,0.10087105140901596
2020-06-17,49454000.0,0.10343699128333277
2020-06-18,48759500.0,0.10764026235439283
2020-06-19,43398500.0,0.09158812913850074
2020-06-22,31812000.0,0.11335230943520419
2020-06-23,31826500.0,0.0918062104114715
2020-06-24,54798000.0,0.05752498118500273
2020-06-25,46272500.0,0.07712647579693035
2020-06-26,44274500.0,0.08966239147096301
2020-06-29,45132000.0,0.11213025540182403
2020-06-30,84592500.0,0.11344093908222498
2020-07-01,66634500.0,0.15624259319145006
2020-07-02,86250500.0,0.1148203227852928
2020-07-06,102849500.0,0.09809855560923607
2020-07-07,107448500.0,0.0875755696276687
2020-07-08,81556500.0,0.0890686308762291
2020-07-09,58588000.0,0.10410331052008813
2020-07-10,116688000.0,0.09672770914522583
2020-07-13,194927000.0,0.08460777084616114
2020-07-14,117090500.0,0.09196300965968963
2020-07-15,81839000.0,0.09196610034865885
2020-07-16,71504000.0,0.0795422865707983
2020-07-17,46650000.0,0.08975944477466499
2020-07-20,85607000.0,0.08449413934678694
2020-07-21,80786500.0,0.09231546958967975
2020-07-22,70805500.0,0.07137555097252128
2020-07-23,121642500.0,0.04671437228294382
2020-07-24,96983000.0,0.060525016956787435
2020-07-27,80243500.0,0.08533652424541137
2020-07-28,79043500.0,0.08737899975165778
2020-07-29,47134500.0,0.07072304443618666
2020-07-30,38105000.0,0.08618560088937859
2020-07-31,61235000.0,0.0864959740357554
2020-08-03,44046500.0,0.08467176213919915
2020-08-04,42075000.0,0.07936020222290936
2020-08-05,24890000.0,0.10287509744406292
2020-08-06,29961500.0,0.08720478373226428
2020-08-07,44482000.0,0.08857906948270579
2020-08-10,37611500.0,0.11371870203025022
2020-08-11,43129000.0,0.07945891176289484
2020-08-12,109494000.0,0.1032577162182919
2020-08-13,102126500.0,0.09194559432353078
2020-08-14,62888000.0,0.08481441133529863
2020-08-17,101211500.0,0.10445406566582847
2020-08-18,82372500.0,0.10113791179555055
2020-08-19,61026500.0,0.11267774023225155
2020-08-20,103059000.0,0.07118642064569426
2020-08-21,107448000.0,0.07668794521188592
2020-08-24,100318000.0,0.08593780898759389
2020-08-25,53294500.0,0.08844283315057616
2020-08-26,71197000.0,0.10240132125820965
2020-08-27,118465000.0,0.11293388155948199
2020-08-28,100406000.0,0.06875812383132227
2020-08-31,118374400.0,0.1049134398825333
2020-09-01,90119400.0,0.10068627093003504
2020-09-02,96176100.0,0.08180753176613963
2020-09-03,87596100.0,0.04640406035422192
2020-09-04,110321900.0,0.09113789515494197
2020-09-08,115465700.0,0.04058000026583615
2020-09-09,79465800.0,0.020156123735104958
2020-09-10,84930600.0,0.06317884140955785
2020-09-11,60717500.0,0.06720886424452746
2020-09-14,83020600.0,0.1261754426873892
2020-09-15,97298200.0,0.10504369585710696
2020-09-16,72279300.0,0.1267453919537253
2020-09-17,76779200.0,0.11042327902554738
2020-09-18,86406800.0,0.0956570697027445
2020-09-21,109476800.0,0.07673645323974271
2020-09-22,79580800.0,0.07490708487221424
2020-09-23,95074200.0,0.0715461852309327
2020-09-24,96561100.0,0.0872969428940272
2020-09-25,67208500.0,0.052494724758630075
2020-09-28,49719600.0,0.06938095223102092
2020-09-29,50219300.0,0.12004266433941149
2020-09-30,48145600.0,0.10507735091988332
2020-10-01,50741500.0,0.07177985413221458
2020-10-02,71430000.0,0.08348160722450852
2020-10-05,44722800.0,0.09776781692268037
2020-10-06,49146300.0,0.12127796661207436
2020-10-07,43127700.0,0.18237533624656274
2020-10-08,40421100.0,0.11342438879249077
2020-10-09,28925700.0,0.09634736365276143
2020-10-12,38791100.0,0.1105399959638821
2020-10-13,34463700.0,0.10398047600275143
2020-10-14,48045400.0,0.09277976833903614
2020-10-15,35672400.0,0.15556452157329345
2020-10-16,32775900.0,0.1053636989044355
2020-10-19,36287800.0,0.07195066206793287
2020-10-20,31656300.0,0.08024793983857557
2020-10-21,32370500.0,0.09213613046630503
2020-10-22,39993200.0,0.12762424008687703
2020-10-23,33717000.0,0.08904858070889143
2020-10-26,28239200.0,0.11374580717835066
2020-10-27,22686500.0,0.0909732782786243
2020-10-28,25451400.0,0.08954242198773449
2020-10-29,22655300.0,0.0973760004078445
2020-10-30,42511300.0,0.11562753222054716
2020-11-02,29021100.0,0.07375370771204107
2020-11-03,34351700.0,0.14306625594546946
2020-11-04,32143100.0,0.15037240415529887
2020-11-05,28414500.0,0.10924812983828658
2020-11-06,21706000.0,0.07360373532644097
2020-11-09,34833000.0,0.09049588610817674
2020-11-10,30284200.0,0.09145132993130567
2020-11-11,17357700.0,0.12745909641938136
2020-11-12,19855100.0,0.12202608681552139
2020-11-13,19771100.0,0.0708234479758715
2020-11-16,26838600.0,0.08718451030233064
2020-11-17,61188300.0,0.08744207338235274
2020-11-18,78044000.0,0.12027961459231584
2020-11-19,62475300.0,0.10479702354377149
2020-11-20,32911900.0,0.12080944136324026
2020-11-23,50260300.0,0.0937121994330592
2020-11-24,53648500.0,0.09760603025310852
2020-11-25,48930200.0,0.09010072538489954
2020-11-27,37561100.0,0.09796585604256319
2020-11-30,63003100.0,0.0831613837668131
2020-12-01,40382800.0,0.0832648393552849
2020-12-02,47775700.0,0.03704437037616761
2020-12-03,42552000.0,0.06360808975600035
2020-12-04,29401300.0,0.10673290246959126
2020-12-07,56309700.0,0.09353761815681401
2020-12-08,64265000.0,0.08736012008883645
2020-12-09,71291200.0,0.06266646256578054
2020-12-10,67083200.0,0.07744266848254448
2020-12-11,46475000.0,0.07236143956584745
2020-12-14,52040600.0,0.08580799952958047
2020-12-15,45223600.0,0.17043739454531162
2020-12-16,42095800.0,0.0883064065335105
2020-12-17,56270100.0,0.10536216272251703
2020-12-18,222126200.0,0.08897374488632956
2020-12-21,58045300.0,0.0912985527209705
2020-12-22,51716000.0,0.08429033792470668
2020-12-23,33173000.0,0.0669254685393148
2020-12-24,22865600.0,0.11517405818501274
2020-12-28,32278600.0,0.09271622356780582
2020-12-29,22910800.0,0.09430841173700573
2020-12-30,42846000.0,0.11023851892457984
2017-01-01,,0.053050595238095244
2017-01-02,,0.07696759259259259
2017-01-07,,0.02715201465201465
2017-01-08,,0.02979302832244009
2017-01-14,,-0.12760942760942762
2017-01-15,,-0.023591820987654326
2017-01-16,,0.031748366013071905
2017-01-21,,0.025277554056623824
2017-01-22,,0.010606060606060603
2017-01-28,,0.04143426018426018
2017-01-29,,-0.012195165945165943
2017-02-04,,0.04915059687786961
2017-02-05,,0.07821180555555556
2017-02-11,,0.0009469696969697105
2017-02-12,,-0.033564213564213574
2017-02-18,,0.1105263157894737
2017-02-19,,0.07777777777777778
2017-02-20,,0.035170857511283043
2017-02-25,,0.07141984359726294
2017-02-26,,0.0783068783068783
2017-03-04,,0.08792470156106519
2017-03-05,,0.12525252525252525
2017-03-11,,0.09604152637485973
2017-03-12,,0.06103841444750535
2017-03-18,,0.12348484848484849
2017-03-19,,0.1164804292929293
2017-03-25,,0.0656060606060606
2017-03-26,,0.07686237373737374
2017-04-01,,0.03687600644122383
2017-04-02,,0.035096153846153846
2017-04-08,,0.0812160062160062
2017-04-09,,0.2460138888888889
2017-04-14,,0.03257646691635456
2017-04-15,,0.06749999999999999
2017-04-16,,0.049810606060606055
2017-04-22,,0.13083251873574453
2017-04-23,,0.023809523809523815
2017-04-29,,0.030478916145582787
2017-04-30,,0.09758333333333334
2017-05-06,,0.11711159211159214
2017-05-07,,0.11491064491064489
2017-05-13,,0.07322420634920636
2017-05-14,,0.05509090909090909
2017-05-20,,0.12334710743801652
2017-05-21,,0.08124999999999999
2017-05-27,,0.14143561464990034
2017-05-28,,0.20293735676088617
2017-05-29,,0.12011664261664261
2017-06-03,,0.14223688497882045
2017-06-04,,0.18540404040404038
2017-06-10,,0.04195903130685739
2017-06-11,,0.16156471861471858
2017-06-17,,0.1024198717948718
2017-06-18,,0.11401913875598087
2017-06-24,,0.11766758494031222
2017-06-25,,0.19300929090402774
2017-07-01,,0.049516317016317014
2017-07-02,,0.2583518455228982
2017-07-04,,0.07888140665918444
2017-07-08,,-0.02431584546249899
2017-07-09,,0.04295173576423577
2017-07-15,,0.083008658008658
2017-07-16,,0.13792470156106518
2017-07-22,,-0.04297319612913673
2017-07-23,,-0.0013541088541088578
2017-07-29,,0.09978934755720469
2017-07-30,,-0.0068811033927312975
2017-08-05,,0.18698232323232322
2017-08-06,,0.07031782106782107
2017-08-12,,0.11354166666666667
2017-08-13,,0.16903594771241828
2017-08-19,,0.03197907647907648
2017-08-20,,0.026920995670995672
2017-08-26,,-0.2859638047138047
2017-08-27,,0.11684149184149183
2017-09-02,,0.05029987373737373
2017-09-03,,0.10795454545454546
2017-09-04,,-0.012858851674641144
2017-09-09,,0.11388888888888889
2017-09-10,,0.0674452861952862
2017-09-16,,0.11913231695840394
2017-09-17,,0.1516666666666667
2017-09-23,,0.08743055555555555
2017-09-24,,0.04634121830550402
2017-09-30,,0.15314393939393942
2017-10-01,,0.1450892857142857
2017-10-07,,0.13526960784313727
2017-10-08,,0.09339864158829676
2017-10-14,,-0.06436868686868685
2017-10-15,,0.09128787878787879
2017-10-21,,0.05137784090909091
2017-10-22,,0.05264864243737483
2017-10-28,,0.1256546598056032
2017-10-29,,0.06893939393939394
2017-11-04,,0.07489583968457207
2017-11-05,,0.06328979276895942
2017-11-11,,0.05186106689009915
2017-11-12,,0.13493805045529186
2017-11-18,,0.0599092468266197
2017-11-19,,0.10919729507964807
2017-11-23,,0.14074684677462454
2017-11-25,,0.11082337662337663
2017-11-26,,0.0641584625052367
2017-12-02,,0.13833916364219395
2017-12-03,,0.1303888888888889
2017-12-09,,0.08112066498316498
2017-12-10,,0.06883662203429645
2017-12-16,,0.1431052188552189
2017-12-17,,-0.0003828282828282914
2017-12-23,,0.11122665732959854
2017-12-24,,0.14009696969696972
2017-12-25,,0.035894582470669435
2017-12-30,,0.01032172373081464
2017-12-31,,0.11934523809523809
2018-01-01,,0.13042297979797982
2018-01-06,,0.13359658859658863
2018-01-07,,0.03373883391740535
2018-01-13,,0.1545123650296064
2018-01-14,,0.0917929292929293
2018-01-15,,0.11613418669453152
2018-01-20,,0.035212703962703956
2018-01-21,,0.1255681818181818
2018-01-27,,0.07002130681818182
2018-01-28,,-0.015093421903766726
2018-02-03,,0.14970035173160176
2018-02-04,,0.11726239669421488
2018-02-10,,-0.14739108409321178
2018-02-11,,0.17607256778309407
2018-02-17,,0.16546981292517002
2018-02-18,,0.11671365914786967
2018-02-19,,0.054885184260184246
2018-02-24,,0.0850595238095238
2018-02-25,,0.1613437950937951
2018-03-03,,0.1984590806019378
2018-03-04,,0.15492192331478047
2018-03-10,,0.12187551187551189
2018-03-11,,0.16788939226148528
2018-03-17,,0.14637803416821282
2018-03-18,,0.04717343893480257
2018-03-24,,0.055041389315582855
2018-03-25,,0.05442354497354497
2018-03-30,,0.0490465211102093
2018-03-31,,0.023819784039691448
2018-04-01,,0.005012685910503368
2018-04-07,,0.09938092899898454
2018-04-08,,0.13929117179117181
2018-04-14,,0.03480589870833774
2018-04-15,,0.1318667495056384
2018-04-21,,0.05350318662818662
2018-04-22,,0.13832082185491276
2018-04-28,,0.14097041847041847
2018-04-29,,0.1084998634998635
2018-05-05,,0.10575069091687592
2018-05-06,,0.058591972829143454
2018-05-12,,0.1307984527817861
2018-05-13,,0.06145851370851371
2018-05-19,,0.02378062540296582
2018-05-20,,0.04676515626186679
2018-05-26,,0.09021993746993748
2018-05-27,,0.003808621933621932
2018-05-28,,-0.07140648132531248
2018-06-02,,0.09115940102782208
2018-06-03,,0.12945670995670994
2018-06-09,,0.06994888090632773
2018-06-10,,0.10741981893767608
2018-06-16,,0.13143166339497858
2018-06-17,,0.12609926541944086
2018-06-23,,0.12195716636057542
2018-06-24,,0.04917700714036921
2018-06-30,,0.02364104002992893
2018-07-01,,0.09868494856398083
2018-07-04,,-0.004832502089783645
2018-07-07,,0.072077137394934
2018-07-08,,-0.17474925595238097
2018-07-14,,0.07842168109668109
2018-07-15,,0.08954801883387833
2018-07-21,,0.11060883158709245
2018-07-22,,0.13431788330253241
2018-07-28,,0.005267003367003363
2018-07-29,,0.022406681368945518
2018-08-04,,0.04742450010307151
2018-08-05,,0.046890777395295465
2018-08-11,,0.06352470917730658
2018-08-12,,0.02739134600287832
2018-08-18,,-0.02448440809175923
2018-08-19,,0.013457198799590103
2018-08-25,,0.09381079185020354
2018-08-26,,0.0723297845914059
2018-09-01,,0.09262613883937414
2018-09-02,,0.1260504449254449
2018-09-03,,0.07615372474747474
2018-09-08,,0.07392567711504804
2018-09-09,,0.0876795026678748
2018-09-15,,0.14206634709286226
2018-09-16,,0.11069353457318883
2018-09-22,,0.0632555566324223
2018-09-23,,0.10661431185028124
2018-09-29,,0.04379328994121879
2018-09-30,,0.08015132977247982
2018-10-06,,0.04735887348982587
2018-10-07,,0.052279713979569674
2018-10-13,,0.08925662436691852
2018-10-14,,0.046643440828834065
2018-10-20,,0.06747834674204539
2018-10-21,,0.06267660137340988
2018-10-27,,0.0632536113539808
2018-10-28,,0.07823162581546729
2018-11-03,,0.06193590437340439
2018-11-04,,0.06350437514681699
2018-11-10,,0.040451372187483306
2018-11-11,,0.05477010230059011
2018-11-17,,0.09537372534872537
2018-11-18,,0.0750998234637083
2018-11-22,,0.18143973214285716
2018-11-24,,0.0654517797017797
2018-11-25,,0.10433465313208616
2018-12-01,,0.1426672306429719
2018-12-02,,0.09132086535913067
2018-12-05,,0.06997118952476095
2018-12-08,,0.11578411985819392
2018-12-09,,0.05110253478178007
2018-12-15,,0.4221799596324913
2018-12-16,,0.3388348223488529
2018-12-22,,0.1520345318261985
2018-12-23,,0.12443977020589923
2018-12-25,,0.0561671658001023
2018-12-29,,0.08398926876336518
2018-12-30,,0.04214682214682214
2019-01-01,,-0.05618063202529222
2019-01-05,,0.08010772195640614
2019-01-06,,0.06375934547632663
2019-01-12,,0.05657309334563434
2019-01-13,,0.06393728222996514
2019-01-19,,0.08713469177178852
2019-01-20,,0.10508746218981127
2019-01-21,,0.08291329872384566
2019-01-26,,0.2026816194350916
2019-01-27,,0.042404139319461895
2019-02-02,,0.05961799276672695
2019-02-03,,-0.07557094470784945
2019-02-09,,0.04446974150677855
2019-02-10,,0.11424270174270176
2019-02-16,,0.14826532369146006
2019-02-17,,0.08772617695694618
2019-02-18,,0.13071634625020037
2019-02-23,,0.04917097562930897
2019-02-24,,0.03554266207043987
2019-03-02,,0.03693248868214992
2019-03-03,,0.054072197376425324
2019-03-09,,0.06136213323713323
2019-03-10,,0.07188073979591837
2019-03-16,,0.057627494766579274
2019-03-17,,0.0460600049139375
2019-03-23,,0.07264473065649023
2019-03-24,,0.1167693405022172
2019-03-30,,0.012864282708032714
2019-03-31,,0.043791408507317595
2019-04-06,,0.0027919846476547453
2019-04-07,,0.07439260743347635
2019-04-13,,0.032170022156724286
2019-04-14,,0.08182615834457942
2019-04-19,,0.05796899573584967
2019-04-20,,0.057377682386085746
2019-04-21,,0.08185195320552463
2019-04-27,,-0.001160410187918241
2019-04-28,,0.039767236852653515
2019-05-04,,0.10796657046657047
2019-05-05,,0.08006100110104018
2019-05-11,,0.14609278603843823
2019-05-12,,0.06476997083511168
2019-05-18,,0.003476128669220706
2019-05-19,,0.01177015114515114
2019-05-25,,0.062000901381404495
2019-05-26,,0.006736746082645553
2019-05-27,,0.112304326539575
2019-06-01,,0.09715001749819026
2019-06-02,,0.09354815589643939
2019-06-08,,0.018719787619787612
2019-06-09,,0.07851799637983845
2019-06-15,,0.04874805743487436
2019-06-16,,0.08775528784081416
2019-06-22,,0.09240969929317387
2019-06-23,,0.1327086377164502
2019-06-29,,0.061838242775742784
2019-06-30,,0.15120970406323941
2019-07-04,,0.09730187464702185
2019-07-06,,0.05477684453227933
2019-07-07,,0.07790964405964405
2019-07-13,,0.059603542034097595
2019-07-14,,0.11672933913065493
2019-07-20,,0.09668455905524873
2019-07-21,,0.0999458223925437
2019-07-27,,0.07644097639757362
2019-07-28,,-0.041671848032142134
2019-08-03,,0.04697900237144425
2019-08-04,,0.05748743848743849
2019-08-10,,0.09288194444444445
2019-08-11,,0.17071212107053937
2019-08-17,,0.09211399945653191
2019-08-18,,0.0454556277056277
2019-08-24,,0.11930603948896636
2019-08-25,,0.1346520138938172
2019-08-31,,0.1567929831362667
2019-09-01,,0.10395596895596898
2019-09-02,,0.09321042434931323
2019-09-07,,0.06319915928089002
2019-09-08,,0.07493368559545031
2019-09-14,,0.09320911628054483
2019-09-15,,0.051145223240811465
2019-09-21,,0.10074125317023044
2019-09-22,,0.11845058876308874
2019-09-28,,0.11661860956503814
2019-09-29,,0.01620306944608187
2019-10-05,,0.09157737597611017
2019-10-06,,-0.0005885564554919365
2019-10-12,,0.13036312100597816
2019-10-13,,0.05406295521651324
2019-10-19,,0.025623166185666187
2019-10-20,,0.11952611218568666
2019-10-26,,0.1059624377195132
2019-10-27,,0.06371579552135107
2019-11-02,,0.03413926913926914
2019-11-03,,0.09165254274345183
2019-11-09,,0.049683860168554056
2019-11-10,,0.08791058103558103
2019-11-16,,0.10676453703400424
2019-11-17,,-0.0013052028989528992
2019-11-23,,0.09868979817305715
2019-11-24,,0.08168585247130157
2019-11-28,,0.10257787963670316
2019-11-30,,0.10638484221539773
2019-12-01,,0.1382209033751242
2019-12-07,,0.12263507814564148
2019-12-08,,0.13113237728352525
2019-12-14,,0.08790364828408306
2019-12-15,,0.10529514920446296
2019-12-21,,0.13018618908212948
2019-12-22,,0.08561240190709613
2019-12-25,,0.12494309698827027
2019-12-28,,0.14397646811059808
2019-12-29,,0.0923060988595409
2020-01-01,,0.09324384306987402
2020-01-04,,0.12017636274147905
2020-01-05,,0.11095263728913282
2020-01-11,,0.10352435968913236
2020-01-12,,0.06730576068811366
2020-01-18,,0.11537775902448526
2020-01-19,,0.07618642048187502
2020-01-20,,0.09662856115020918
2020-01-25,,0.08075447534385655
2020-01-26,,0.11036214023581749
2020-02-01,,0.13079468878273076
2020-02-02,,0.10369905125186137
2020-02-08,,0.07676914732395765
2020-02-09,,0.05850636213204414
2020-02-15,,0.0303825082662003
2020-02-16,,0.07685890879052405
2020-02-17,,0.06436706890013769
2020-02-22,,0.14861816716866325
2020-02-23,,0.12744302274445135
2020-02-29,,0.07229337028291571
2020-03-01,,0.08257927284205693
2020-03-07,,0.0431223532180979
2020-03-08,,0.16372691059472663
2020-03-14,,0.07977365002538613
2020-03-15,,0.11444375829503146
2020-03-21,,0.1375295058777202
2020-03-22,,0.08139253444633192
2020-03-28,,0.1365740072684517
2020-03-29,,0.10052607128155717
2020-04-04,,0.10092392678936683
2020-04-05,,0.07489361564361563
2020-04-10,,0.08961775548525548
2020-04-11,,0.06335363028784081
2020-04-12,,0.07633131667967734
2020-04-18,,0.12625161765042722
2020-04-19,,0.09014616844212431
2020-04-25,,0.13002926802033943
2020-04-26,,0.11487926136363642
2020-05-02,,0.106803668517171
2020-05-03,,0.11408854585591244
2020-05-09,,0.09335918134849577
2020-05-10,,0.09050456943296493
2020-05-16,,0.12582957747704873
2020-05-17,,0.06719485350040903
2020-05-23,,0.06453917256160244
2020-05-24,,0.10588461738177647
2020-05-25,,0.06219055635722302
2020-05-30,,0.11023287174611328
2020-05-31,,0.058192358371935815
2020-06-06,,0.09866592274643123
2020-06-07,,0.09501129822558393
2020-06-13,,0.0884461637260717
2020-06-14,,0.11756838498586861
2020-06-20,,0.08527720385674933
2020-06-21,,0.04384677018709864
2020-06-27,,0.07353585060887041
2020-06-28,,0.11415021081687755
2020-07-03,,0.08328797286900567
2020-07-04,,0.1068516999911311
2020-07-05,,0.07484753286836618
2020-07-11,,0.10564248168855958
2020-07-12,,0.09031242623934974
2020-07-18,,0.07614401684714187
2020-07-19,,0.11477836672208012
2020-07-25,,0.08784736919292882
2020-07-26,,0.07077532925579799
2020-08-01,,0.09373219623061817
2020-08-02,,0.1252585026518585
2020-08-08,,0.06704528441785895
2020-08-09,,0.04498603393960536
2020-08-15,,0.08899180913948075
2020-08-16,,0.06785712015474944
2020-08-22,,0.07873643657630564
2020-08-23,,0.10810905166944461
2020-08-29,,0.09687556742232346
2020-08-30,,0.10442828172220858
2020-09-05,,0.02397947312443563
2020-09-06,,0.06043261548130161
2020-09-07,,0.04709002460636842
2020-09-12,,0.09671155681496088
2020-09-13,,0.10979534372860157
2020-09-19,,0.09198791648848338
2020-09-20,,0.09233166232638887
2020-09-26,,0.0825737543329256
2020-09-27,,0.09510953166381383
2020-10-03,,0.1231121674973577
2020-10-04,,0.10404586719700448
2020-10-10,,0.11636541184545839
2020-10-11,,0.12320233826003062
2020-10-17,,0.05074777476748952
2020-10-18,,0.10888981449836713
2020-10-24,,0.08848740688324021
2020-10-25,,0.11179002089425369
2020-10-31,,0.11108245149911818
2020-11-01,,0.034114955095609856
2020-11-07,,0.20380757594352952
2020-11-08,,0.12123366541677948
2020-11-14,,0.082271828768674
2020-11-15,,0.14879048662181193
2020-11-21,,0.07427253367727762
2020-11-22,,0.11523798153400097
2020-11-26,,0.08667292207693479
2020-11-28,,0.12392153219951627
2020-11-29,,0.08915422956965681
2020-12-05,,0.07887358662099955
2020-12-06,,0.1004502187859017
2020-12-12,,0.11428003450881535
2020-12-13,,0.10399049602792945
2020-12-19,,0.08987300037871608
2020-12-20,,0.10704316205753542
2020-12-25,,0.06765732145397642
2020-12-26,,0.12281532330103755
2020-12-27,,0.1231906238010233
2020-12-31,,0.11656919197977128
